snapshot_dato,navn,isin,valuta,kategori,kostnad_pct,rangering,risiko,baerekraft,belaaningsgrad_pct,antall_eiere,avk_1d_pct,avk_1u_pct,avk_1m_pct,avk_3m_pct,avk_iar_pct,avk_1y_pct,avk_3y_ann_pct,avk_5y_ann_pct,avk_10y_ann_pct,forvalter,nav,nav_dato,startdato,min_kjoep,handles,aktivaklasse,marked,sektor,valutasikret,smallcap,tilt,giret,eksponering,kilde
2026-08-18,Alfred Berg Indeks R (NOK),NO0010700891,NOK,Europe Equity Large Cap,0.37,3.0,4.0,Artikkel 8,85.0,3864.0,-0.41,1.37,6.32,1.85,23.18,27.29,18.57,12.28,12.86,Alfred Berg Kapitalforvaltning AS,905.74,2026-08-19,2014-02-17,100.0,Daglig,Aksjer,Norge,,False,False,False,False,Norge,2ac4a720-fond_19.8.2026_2120.csv
2026-08-18,Alfred Berg Nordic Index R (NOK),NO0012477738,NOK,Europe Equity Large Cap,0.25,3.0,4.0,Artikkel 6,0.0,166.0,-0.17,-0.01,1.06,5.13,3.13,12.66,11.46,,,Alfred Berg Kapitalforvaltning AS,149.71,2026-08-18,2022-05-02,100.0,Daglig,Aksjer,Norden,,False,False,False,False,Norden,2ac4a720-fond_19.8.2026_2120.csv
2026-08-18,Amundi MSCI EmMktsSRIClmtPrsAlgd AE C,LU1861138375,EUR,Global Emerging Markets Equity,0.51,2.0,4.0,Artikkel 8,70.0,428.0,0.25,0.42,2.93,5.41,8.54,14.56,11.59,5.62,,Amundi Luxembourg S.A.,151.69,2026-08-18,2019-01-16,100.0,Daglig,Aksjer,Fremvoksende,,False,False,True,False,Fremvoksende / tilt,2ac4a720-fond_19.8.2026_2120.csv
2026-08-18,Amundi MSCI EurSRIClmtPrsAlgd AE C,LU1861136833,EUR,Europe Equity Large Cap,0.42,2.0,4.0,Artikkel 8,80.0,499.0,-1.06,-1.88,-0.45,6.98,-0.15,1.73,6.92,4.85,,Amundi Luxembourg S.A.,187.04,2026-08-18,2018-09-11,100.0,Daglig,Aksjer,Europa,,False,False,True,False,Europa / tilt,2ac4a720-fond_19.8.2026_2120.csv
2026-08-18,Amundi MSCI USASRIClmtParisAligned-AE(C),LU1861135512,EUR,US Equity Large Cap Blend,0.42,1.0,4.0,Artikkel 8,80.0,975.0,-0.88,-1.39,2.87,10.13,6.99,6.52,7.84,8.85,,Amundi Luxembourg S.A.,247.08,2026-08-18,2018-09-11,100.0,Daglig,Aksjer,USA,,False,False,True,False,USA / tilt,2ac4a720-fond_19.8.2026_2120.csv
2026-08-18,Amundi MSCI World SRI Clmt Prs AlgdAEC,LU1861133657,EUR,Global Equity Large Cap,0.42,3.0,4.0,Artikkel 8,80.0,986.0,-1.36,-1.44,0.83,9.84,8.44,12.96,11.86,9.88,,Amundi Luxembourg S.A.,241.57,2026-08-18,2018-09-10,100.0,Daglig,Aksjer,Global,,False,False,True,False,Global / tilt,2ac4a720-fond_19.8.2026_2120.csv
2026-08-18,DNB Barnefond A,NO0010336977,NOK,Europe Equity Mid/Small Cap,0.25,4.0,4.0,Artikkel 8,80.0,1315.0,-0.28,-0.48,0.66,4.92,1.59,10.64,12.42,6.64,12.42,DNB Asset Management AS,1104.39,2026-08-18,1997-02-17,100.0,Daglig,Aksjer,Europa,,False,True,True,False,Europa / SmallCap / tilt,2ac4a720-fond_19.8.2026_2120.csv
2026-08-18,DNB Critical Materials A,NO0010820509,NOK,Industrials Sector Equity,0.25,2.0,4.0,Artikkel 8,0.0,276.0,1.98,-0.49,18.23,2.76,6.82,14.08,10.04,7.82,,DNB Asset Management AS,224.56,2026-08-18,2018-10-09,100.0,Daglig,Aksjer,Ukjent,Industri,False,False,False,False,Industri,2ac4a720-fond_19.8.2026_2120.csv
2026-08-18,DNB Europa Indeks A,NO0008001872,NOK,Europe Equity Large Cap,0.25,5.0,4.0,Artikkel 8,85.0,8101.0,-0.81,-1.73,0.46,8.64,3.78,10.71,13.37,10.25,11.36,DNB Asset Management AS,335.32,2026-08-18,1998-07-14,100.0,Daglig,Aksjer,Europa,,False,False,False,False,Europa,2ac4a720-fond_19.8.2026_2120.csv
2026-08-18,DNB Global Emerging Markets Indeks A,NO0010815855,NOK,Global Emerging Markets Equity,0.35,3.0,4.0,Artikkel 8,75.0,4265.0,-1.03,0.8,2.04,4.42,13.7,23.97,18.22,9.45,,DNB Asset Management AS,199.17,2026-08-18,2018-04-18,100.0,Daglig,Aksjer,Fremvoksende,,False,False,False,False,Fremvoksende,2ac4a720-fond_19.8.2026_2120.csv
2026-08-18,DNB Global Enhanced Index A,NO0012923277,NOK,Global Equity Large Cap,0.35,,4.0,Artikkel 8,80.0,908.0,-0.9,-1.38,0.79,6.41,5.72,11.3,,,,DNB Asset Management AS,159.34,2026-08-18,2023-09-22,100.0,Daglig,Aksjer,Global,,False,False,True,False,Global / tilt,2ac4a720-fond_19.8.2026_2120.csv
2026-08-18,DNB Global Enhanced Small Cap A,NO0013466037,NOK,Global Equity Mid/Small Cap,0.6,,4.0,Artikkel 8,0.0,615.0,-1.65,-0.88,1.12,8.31,10.71,16.91,,,,DNB Asset Management AS,116.34,2026-08-18,2025-02-12,100.0,Daglig,Aksjer,Global,,False,True,True,False,Global / SmallCap / tilt,2ac4a720-fond_19.8.2026_2120.csv
2026-08-18,DNB Global Indeks A,NO0010582984,NOK,Global Equity Large Cap,0.25,4.0,4.0,Artikkel 8,85.0,46654.0,-0.86,-1.43,0.84,6.79,5.59,10.99,16.23,12.77,14.37,DNB Asset Management AS,865.71,2026-08-18,2010-09-24,100.0,Daglig,Aksjer,Global,,False,False,False,False,Global,2ac4a720-fond_19.8.2026_2120.csv
2026-08-18,DNB Global Industrisektor Indeks A,NO0010820525,NOK,Industrials Sector Equity,0.25,4.0,4.0,Artikkel 8,85.0,2813.0,-1.73,-1.98,1.25,7.16,8.44,10.09,16.41,12.78,,DNB Asset Management AS,289.73,2026-08-18,2018-10-09,100.0,Daglig,Aksjer,Global,Industri,False,False,False,False,Industri,2ac4a720-fond_19.8.2026_2120.csv
2026-08-18,DNB Global Marked Valutasikret A,NO0012778507,NOK,Global Equity Large Cap,0.27,,4.0,Artikkel 8,85.0,767.0,-0.41,0.04,3.94,6.1,14.29,21.91,20.62,,,DNB Asset Management AS,187.83,2026-08-18,2022-12-13,100.0,Daglig,Aksjer,Global,,True,False,False,False,Global / NOK-sikret,2ac4a720-fond_19.8.2026_2120.csv
2026-08-18,DNB Klima Indeks A,NO0010969181,NOK,Global Equity Large Cap,0.25,3.0,4.0,Artikkel 9,80.0,1803.0,-0.8,-1.75,0.67,6.1,1.78,6.8,14.63,10.96,,DNB Asset Management AS,191.84,2026-08-18,2021-05-06,100.0,Daglig,Aksjer,Global,,False,False,True,False,Global / tilt,2ac4a720-fond_19.8.2026_2120.csv
2026-08-18,DNB Norden Indeks A,NO0010815871,NOK,Europe Equity Large Cap,0.25,4.0,4.0,Artikkel 8,80.0,5327.0,-0.99,-0.99,0.07,4.24,2.56,11.76,11.53,5.39,,DNB Asset Management AS,247.91,2026-08-18,2018-04-12,100.0,Daglig,Aksjer,Norden,,False,False,False,False,Norden,2ac4a720-fond_19.8.2026_2120.csv
2026-08-18,DNB Norge Indeks A,NO0010582976,NOK,Europe Equity Large Cap,0.25,3.0,4.0,Artikkel 8,85.0,5310.0,0.2,2.43,6.77,3.56,23.75,27.72,18.3,12.44,12.96,DNB Asset Management AS,579.31,2026-08-18,2010-08-25,100.0,Daglig,Aksjer,Norge,,False,False,False,False,Norge,2ac4a720-fond_19.8.2026_2120.csv
2026-08-18,DNB Nuclear Energy A,NO0013413831,NOK,Energy Sector Equity,0.35,,4.0,Artikkel 8,80.0,20363.0,-0.39,1.71,4.42,2.16,4.95,14.02,,,,DNB Asset Management AS,136.4,2026-08-18,2024-12-18,100.0,Daglig,Aksjer,Ukjent,Energi,False,False,False,False,Energi,2ac4a720-fond_19.8.2026_2120.csv
2026-08-18,DNB USA Indeks A,NO0010337959,NOK,US Equity Large Cap Blend,0.25,4.0,4.0,Artikkel 8,85.0,4177.0,-0.82,-1.47,0.56,6.04,5.36,10.44,17.06,13.77,16.35,DNB Asset Management AS,839.0,2026-08-18,1998-10-21,100.0,Daglig,Aksjer,USA,,False,False,False,False,USA,2ac4a720-fond_19.8.2026_2120.csv
2026-08-18,Handelsbanken Emerging M. Index (A1 NOK),SE0011338425,NOK,Global Emerging Markets Equity,0.77,4.0,4.0,Artikkel 9,70.0,1115.0,-0.96,0.42,2.22,4.48,17.0,27.15,19.1,10.8,10.24,Handelsbanken Fonder AB,301.13,2026-08-19,2018-12-14,100.0,Daglig,Aksjer,Fremvoksende,,False,False,False,False,Fremvoksende,2ac4a720-fond_19.8.2026_2120.csv
2026-08-18,Handelsbanken Europa Index (A1 NOK),SE0006789723,NOK,Europe Equity Large Cap,0.35,4.0,4.0,Artikkel 9,85.0,2271.0,-0.82,-2.26,0.13,9.1,2.52,10.27,13.78,9.89,11.05,Handelsbanken Fonder AB,260.24,2026-08-19,2015-02-17,100.0,Daglig,Aksjer,Europa,,False,False,False,False,Europa,2ac4a720-fond_19.8.2026_2120.csv
2026-08-18,Handelsbanken Global Index (A1 NOK),SE0011309699,NOK,Global Equity Large Cap,0.56,4.0,4.0,Artikkel 9,80.0,1783.0,-0.87,-1.99,0.21,5.92,4.72,11.06,15.88,11.25,13.81,Handelsbanken Fonder AB,691.8,2026-08-19,2018-12-14,100.0,Daglig,Aksjer,Global,,False,False,False,False,Global,2ac4a720-fond_19.8.2026_2120.csv
2026-08-18,Handelsbanken USA Index (A1 NOK),SE0006800157,NOK,US Equity Large Cap Blend,0.35,4.0,4.0,Artikkel 9,85.0,3655.0,-1.15,-1.99,0.72,5.83,4.79,11.7,17.33,13.18,16.84,Handelsbanken Fonder AB,1156.58,2026-08-19,2015-02-12,100.0,Daglig,Aksjer,USA,,False,False,False,False,USA,2ac4a720-fond_19.8.2026_2120.csv
2026-08-18,KLP Aksje Verden All Cap Indeks N,NO0013751651,NOK,Global Equity Large Cap,0.28,,4.0,Artikkel 8,70.0,741.0,-0.91,-1.06,1.09,,,,,,,KLP Kapitalforvaltning AS,1034.22,2026-08-18,2026-06-09,100.0,Daglig,Aksjer,Global,,False,False,False,False,Global,2ac4a720-fond_19.8.2026_2120.csv
2026-08-18,KLP AksjeAsia Indeks N,NO0012445362,NOK,Asia Equity,0.25,4.0,4.0,Artikkel 8,75.0,4241.0,-1.2,-0.61,3.96,9.11,10.93,13.08,15.0,9.72,9.96,KLP Kapitalforvaltning AS,1707.47,2026-08-18,2022-06-08,100.0,Daglig,Aksjer,Asia,,False,False,False,False,Asia,2ac4a720-fond_19.8.2026_2120.csv
2026-08-18,KLP AksjeAsia Indeks Valutasikret N,NO0012445370,NOK,Equity Miscellaneous,0.28,,4.0,Artikkel 8,70.0,3230.0,-0.06,1.32,6.13,8.59,21.35,31.05,24.33,16.36,12.78,KLP Kapitalforvaltning AS,2098.49,2026-08-18,2022-06-08,100.0,Daglig,Aksjer,Asia,,True,False,False,False,Asia / NOK-sikret,2ac4a720-fond_19.8.2026_2120.csv
2026-08-18,KLP AksjeEuropa Indeks N,NO0012445388,NOK,Europe Equity Large Cap,0.25,4.0,4.0,Artikkel 8,85.0,8783.0,-0.31,-0.93,1.02,9.42,4.39,10.84,14.22,10.75,11.46,KLP Kapitalforvaltning AS,1777.85,2026-08-18,2022-06-08,100.0,Daglig,Aksjer,Europa,,False,False,False,False,Europa,2ac4a720-fond_19.8.2026_2120.csv
2026-08-18,KLP AksjeEuropa Indeks Valutasikret N,NO0012445396,NOK,Equity Miscellaneous,0.28,,4.0,Artikkel 8,85.0,1371.0,-0.53,-0.99,2.21,8.17,13.53,22.0,17.12,10.0,9.87,KLP Kapitalforvaltning AS,1676.54,2026-08-18,2022-06-08,100.0,Daglig,Aksjer,Europa,,True,False,False,False,Europa / NOK-sikret,2ac4a720-fond_19.8.2026_2120.csv
2026-08-18,KLP AksjeFremvoksende Markeder Indeks N,NO0012443664,NOK,Global Emerging Markets Equity,0.33,4.0,4.0,Artikkel 8,75.0,16196.0,0.76,1.59,3.3,5.42,15.21,25.9,18.47,10.09,10.4,KLP Kapitalforvaltning AS,1729.93,2026-08-18,2022-06-08,100.0,Daglig,Aksjer,Fremvoksende,,False,False,False,False,Fremvoksende,2ac4a720-fond_19.8.2026_2120.csv
2026-08-18,KLP AksjeFremvoksende MarkederMer Samf N,NO0012445339,NOK,Global Emerging Markets Equity,0.33,2.0,4.0,Artikkel 9,80.0,1014.0,-1.42,0.23,0.37,-0.25,9.55,18.01,14.91,,,KLP Kapitalforvaltning AS,1556.95,2026-08-18,2022-06-08,100.0,Daglig,Aksjer,Fremvoksende,,False,False,True,False,Fremvoksende / tilt,2ac4a720-fond_19.8.2026_2120.csv
2026-08-18,KLP AksjeGlobal Flerfaktor N,NO0012444514,NOK,Global Equity Large Cap,0.3,4.0,4.0,Artikkel 8,85.0,1146.0,0.0,-0.87,0.8,8.81,6.46,12.01,14.33,11.8,11.18,KLP Kapitalforvaltning AS,1735.44,2026-08-18,2022-06-08,100.0,Daglig,Aksjer,Global,,False,False,True,False,Global / tilt,2ac4a720-fond_19.8.2026_2120.csv
2026-08-18,KLP AksjeGlobal Flerfaktor Valutasikr N,NO0012444530,NOK,Equity Miscellaneous,0.32,,3.0,Artikkel 8,85.0,621.0,-0.58,-0.29,3.02,8.07,14.68,22.45,18.84,10.46,9.43,KLP Kapitalforvaltning AS,1704.31,2026-08-18,2022-06-08,100.0,Daglig,Aksjer,Global,,True,False,True,False,Global / NOK-sikret / tilt,2ac4a720-fond_19.8.2026_2120.csv
2026-08-18,KLP AksjeGlobal Indeks N,NO0012445404,NOK,Global Equity Large Cap,0.25,4.0,4.0,Artikkel 8,80.0,47231.0,-0.55,-0.67,1.73,7.21,6.45,12.29,17.01,12.98,14.6,KLP Kapitalforvaltning AS,1894.81,2026-08-18,2022-06-08,100.0,Daglig,Aksjer,Global,,False,False,False,False,Global,2ac4a720-fond_19.8.2026_2120.csv
2026-08-18,KLP AksjeGlobal Indeks Valutasikret N,NO0012445529,NOK,Equity Miscellaneous,0.28,,4.0,Artikkel 8,85.0,6146.0,-0.4,0.01,3.98,6.2,14.33,22.1,20.76,11.31,12.22,KLP Kapitalforvaltning AS,1830.12,2026-08-18,2022-06-08,100.0,Daglig,Aksjer,Global,,True,False,False,False,Global / NOK-sikret,2ac4a720-fond_19.8.2026_2120.csv
2026-08-18,KLP AksjeGlobal Mer Samf Valutasikret N,NO0012445305,NOK,Global Equity Large Cap,0.28,,4.0,Artikkel 9,80.0,597.0,-0.49,0.21,4.17,8.68,15.44,25.09,20.24,10.18,,KLP Kapitalforvaltning AS,1778.45,2026-08-18,2022-06-08,100.0,Daglig,Aksjer,Global,,True,False,True,False,Global / NOK-sikret / tilt,2ac4a720-fond_19.8.2026_2120.csv
2026-08-18,KLP AksjeGlobal Mer Samfunnsansvar N,NO0012445289,NOK,Global Equity Large Cap,0.25,3.0,4.0,Artikkel 9,85.0,6435.0,-0.65,-0.46,1.98,9.85,7.48,14.99,16.52,11.71,,KLP Kapitalforvaltning AS,1836.91,2026-08-18,2022-06-08,100.0,Daglig,Aksjer,Global,,False,False,True,False,Global / tilt,2ac4a720-fond_19.8.2026_2120.csv
2026-08-18,KLP AksjeGlobal Small Cap Indeks N,NO0012445347,NOK,Global Equity Mid/Small Cap,0.4,3.0,4.0,Artikkel 8,80.0,3696.0,-0.34,1.07,2.7,9.3,12.16,19.22,15.02,9.63,,KLP Kapitalforvaltning AS,1663.33,2026-08-18,2022-06-08,100.0,Daglig,Aksjer,Global,,False,True,False,False,Global / SmallCap,2ac4a720-fond_19.8.2026_2120.csv
2026-08-18,KLP AksjeNorden Indeks N,NO0012445230,NOK,Europe Equity Large Cap,0.25,4.0,4.0,Artikkel 8,85.0,8545.0,-0.33,0.03,1.32,6.13,1.96,9.19,8.99,5.04,10.99,KLP Kapitalforvaltning AS,1447.15,2026-08-18,2022-06-08,100.0,Daglig,Aksjer,Norden,,False,False,False,False,Norden,2ac4a720-fond_19.8.2026_2120.csv
2026-08-18,KLP AksjeNorden Mer Samfunnsansvar N,NO0012445263,NOK,Europe Equity Large Cap,0.25,3.0,4.0,Artikkel 9,80.0,825.0,-0.3,0.49,1.4,4.72,1.9,9.85,9.22,3.57,,KLP Kapitalforvaltning AS,1359.25,2026-08-18,2022-06-08,100.0,Daglig,Aksjer,Norden,,False,False,True,False,Norden / tilt,2ac4a720-fond_19.8.2026_2120.csv
2026-08-18,KLP AksjeNorge Indeks N,NO0012445214,NOK,Europe Equity Large Cap,0.25,3.0,4.0,Artikkel 8,85.0,5991.0,0.2,2.43,6.78,3.56,23.8,27.8,18.41,12.54,13.12,KLP Kapitalforvaltning AS,1631.9,2026-08-18,2022-06-08,100.0,Daglig,Aksjer,Norge,,False,False,False,False,Norge,2ac4a720-fond_19.8.2026_2120.csv
2026-08-18,KLP AksjeTeknologi Indeks N,NO0013296780,NOK,Technology Sector Equity,0.28,,5.0,Artikkel 8,80.0,1873.0,-2.03,-0.85,3.28,7.87,19.95,29.2,,,,KLP Kapitalforvaltning AS,1447.44,2026-08-18,2024-10-09,100.0,Daglig,Aksjer,Ukjent,Teknologi,False,False,False,False,Teknologi,2ac4a720-fond_19.8.2026_2120.csv
2026-08-18,KLP AksjeUSA Indeks N,NO0012445511,NOK,US Equity Large Cap Blend,0.25,4.0,4.0,Artikkel 8,85.0,2537.0,-0.69,-0.83,1.4,6.34,6.0,11.73,17.67,13.77,,KLP Kapitalforvaltning AS,1919.57,2026-08-18,2022-10-26,100.0,Daglig,Aksjer,USA,,False,False,False,False,USA,2ac4a720-fond_19.8.2026_2120.csv
2026-08-18,KLP AksjeUSA Indeks Valutasikret N,NO0012445354,NOK,US Equity Large Cap Blend,0.28,,4.0,Artikkel 8,85.0,739.0,-0.53,-0.11,3.94,5.07,13.27,20.26,21.0,10.65,12.82,KLP Kapitalforvaltning AS,1827.84,2026-08-18,2022-06-08,100.0,Daglig,Aksjer,USA,,True,False,False,False,USA / NOK-sikret,2ac4a720-fond_19.8.2026_2120.csv
2026-08-18,KLP AksjeVerden Indeks N,NO0012444498,NOK,Global Equity Large Cap,0.26,4.0,4.0,Artikkel 8,85.0,6773.0,-0.4,-0.41,1.91,7.0,7.43,13.75,17.19,12.62,13.98,KLP Kapitalforvaltning AS,1875.26,2026-08-18,2022-06-08,100.0,Daglig,Aksjer,Global,,False,False,False,False,Global,2ac4a720-fond_19.8.2026_2120.csv
2026-08-18,KLP Framtid N,NO0012442328,NOK,Global Equity Large Cap,0.3,4.0,3.0,Artikkel 8,85.0,850.0,-0.27,0.29,3.22,6.48,12.2,18.76,18.23,12.25,,KLP Kapitalforvaltning AS,1805.29,2026-08-18,2022-06-08,100.0,Daglig,Aksjer,Global,,False,False,True,False,Global / tilt,2ac4a720-fond_19.8.2026_2120.csv
2026-08-18,KLP Obligasjon Global 3 år N,NO0012861741,NOK,Global Fixed Income,0.31,5.0,2.0,Artikkel 8,0.0,55.0,0.07,0.05,0.39,1.08,1.39,3.15,5.01,,,KLP Kapitalforvaltning AS,1033.29,2026-08-18,2023-04-20,100.0,Daglig,Renter,Global,,False,False,False,False,Renter / Global,2ac4a720-fond_19.8.2026_2120.csv
2026-08-18,Lannebo Emerging Markets A,SE0004578615,SEK,Global Emerging Markets Equity,0.64,4.0,4.0,Artikkel 8,75.0,3702.0,-1.16,0.84,2.11,5.38,17.56,29.77,19.21,9.25,11.39,Lannebo Kapitalförvaltning AB,387.14,2026-08-18,2012-07-11,100.0,Daglig,Aksjer,Fremvoksende,,False,False,False,False,Fremvoksende,2ac4a720-fond_19.8.2026_2120.csv
2026-08-18,Lannebo Marknad Europa A,SE0000577975,SEK,Europe Equity Large Cap,0.52,4.0,4.0,Artikkel 8,85.0,1290.0,-0.31,-0.87,0.96,10.13,4.21,11.09,13.55,9.77,11.23,Lannebo Kapitalförvaltning AB,328.94,2026-08-18,1999-10-18,100.0,Daglig,Aksjer,Europa,,False,False,False,False,Europa,2ac4a720-fond_19.8.2026_2120.csv
2026-08-18,Lannebo Marknad Global A,SE0010049197,SEK,Global Equity Large Cap,0.37,4.0,4.0,Artikkel 8,85.0,650.0,-1.07,-1.62,1.03,7.54,5.36,11.37,16.59,12.05,,Lannebo Kapitalförvaltning AB,331.03,2026-08-18,2017-10-11,100.0,Daglig,Aksjer,Global,,False,False,False,False,Global,2ac4a720-fond_19.8.2026_2120.csv
2026-08-18,Lannebo Marknad Japan A,SE0000577959,SEK,Japan Equity,0.52,3.0,5.0,Artikkel 8,85.0,568.0,-1.85,-0.3,4.71,11.98,13.5,15.84,17.01,10.77,10.54,Lannebo Kapitalförvaltning AB,235.32,2026-08-18,1999-10-20,100.0,Daglig,Aksjer,Japan,,False,False,False,False,Japan,2ac4a720-fond_19.8.2026_2120.csv
2026-08-18,Lannebo Marknad Pacific A,SE0000577983,SEK,Asia ex-Japan Equity,0.5,2.0,4.0,Artikkel 8,75.0,647.0,-0.56,-2.22,0.6,7.53,2.16,0.38,9.82,6.05,8.37,Lannebo Kapitalförvaltning AB,444.33,2026-08-18,1999-10-20,100.0,Daglig,Aksjer,Stillehavet,,False,False,False,False,Stillehavet,2ac4a720-fond_19.8.2026_2120.csv
2026-08-18,Lannebo Marknad Sverige Bred A,SE0001463449,SEK,Europe Equity Large Cap,0.4,3.0,4.0,Artikkel 8,85.0,418.0,-1.0,-2.58,1.24,5.85,-0.5,10.57,15.85,5.03,10.59,Lannebo Kapitalförvaltning AB,549.29,2026-08-18,2005-08-24,100.0,Daglig,Aksjer,Sverige,,False,False,False,False,Sverige,2ac4a720-fond_19.8.2026_2120.csv
2026-08-18,Lannebo Marknad USA A,SE0000577967,SEK,US Equity Large Cap Blend,0.48,3.0,4.0,Artikkel 8,85.0,920.0,-1.01,-1.72,0.96,6.83,5.34,10.72,17.08,12.81,15.78,Lannebo Kapitalförvaltning AB,695.95,2026-08-18,1999-10-20,100.0,Daglig,Aksjer,USA,,False,False,False,False,USA,2ac4a720-fond_19.8.2026_2120.csv
2026-08-18,Nordnet Danmark Indeks B,SE0014956371,DKK,Europe Equity Large Cap,0.19,2.0,4.0,Artikkel 8,85.0,24581.0,-0.84,2.22,-1.76,8.51,-2.52,4.84,3.48,1.9,,Nordnet Fonder AB,294.35,2026-08-18,2020-10-01,100.0,Daglig,Aksjer,Danmark,,False,False,False,False,Danmark,2ac4a720-fond_19.8.2026_2120.csv
2026-08-18,Nordnet Emerging Markets Indeks,IE00BMTD2S51,NOK,Global Emerging Markets Equity,0.29,3.0,4.0,Artikkel 8,85.0,43046.0,-0.56,1.32,1.84,3.3,11.12,19.29,17.76,7.99,,J.P. Morgan Mansart Management Ltd,168.42,2026-08-18,2020-09-02,100.0,Daglig,Aksjer,Fremvoksende,,False,False,False,False,Fremvoksende,2ac4a720-fond_19.8.2026_2120.csv
2026-08-18,Nordnet Europa Indeks,IE00BMTD2N07,NOK,Europe Equity Large Cap,0.19,3.0,4.0,Artikkel 8,85.0,15687.0,-0.74,-1.97,0.18,8.26,0.84,6.69,9.7,7.76,,J.P. Morgan Mansart Management Ltd,193.65,2026-08-18,2020-09-01,100.0,Daglig,Aksjer,Europa,,False,False,False,False,Europa,2ac4a720-fond_19.8.2026_2120.csv
2026-08-18,Nordnet Global Indeks,IE00BMTD2J60,NOK,Global Equity Large Cap,0.19,4.0,4.0,Artikkel 8,85.0,79486.0,-1.01,-1.69,0.65,6.29,3.98,10.41,15.6,12.42,,J.P. Morgan Mansart Management Ltd,228.03,2026-08-18,2020-09-02,100.0,Daglig,Aksjer,Global,,False,False,False,False,Global,2ac4a720-fond_19.8.2026_2120.csv
2026-08-18,Nordnet Global Indeks 125,IE000480NS87,NOK,Global Equity Large Cap,0.39,,4.0,Artikkel 8,75.0,18326.0,-1.22,-1.89,1.31,7.1,5.5,13.44,,,,J.P. Morgan Mansart Management Ltd,169.87,2026-08-18,2023-09-22,100.0,Daglig,Aksjer,Global,,False,False,False,True,Global / giret,2ac4a720-fond_19.8.2026_2120.csv
2026-08-18,Nordnet Norge Indeks,SE0005993110,NOK,Europe Equity Large Cap,0.19,4.0,4.0,Artikkel 6,85.0,220351.0,-0.18,1.06,6.16,1.29,25.92,29.58,20.78,14.61,13.99,Nordnet Fonder AB,347.49,2026-08-18,2014-06-24,100.0,Daglig,Aksjer,Norge,,False,False,False,False,Norge,2ac4a720-fond_19.8.2026_2120.csv
2026-08-18,Nordnet Småbolag Sverige Index C,SE0024245492,NOK,Europe Equity Mid/Small Cap,0.35,,5.0,Artikkel 8,80.0,1286.0,-0.73,-1.52,0.49,4.31,-5.65,,,,,Nordnet Fonder AB,96.75,2026-08-18,2025-12-09,100.0,Daglig,Aksjer,Sverige,,False,True,False,False,Sverige / SmallCap,2ac4a720-fond_19.8.2026_2120.csv
2026-08-18,Nordnet Suomi Indeksi,SE0005993102,EUR,Europe Equity Mid/Small Cap,0.19,5.0,4.0,Artikkel 8,85.0,347725.0,-1.72,-0.53,1.33,0.56,1.91,17.24,17.5,8.26,12.85,Nordnet Fonder AB,351.95,2026-08-18,2014-06-17,100.0,Daglig,Aksjer,Finland,,False,True,False,False,Finland / SmallCap,2ac4a720-fond_19.8.2026_2120.csv
2026-08-18,Nordnet Sverige Index,SE0002756973,SEK,Europe Equity Large Cap,0.19,4.0,4.0,Artikkel 8,85.0,233636.0,-1.08,-2.81,0.82,5.43,1.78,13.72,16.91,5.65,11.59,Nordnet Fonder AB,840.17,2026-08-18,2009-03-10,100.0,Daglig,Aksjer,Sverige,,False,False,False,False,Sverige,2ac4a720-fond_19.8.2026_2120.csv
2026-08-18,Nordnet Teknologi Indeks,IE00BNNLSM87,NOK,Technology Sector Equity,0.29,5.0,5.0,Artikkel 6,80.0,61612.0,-2.42,-2.18,1.85,6.11,13.53,24.57,28.35,20.56,,J.P. Morgan Mansart Management Ltd,298.38,2026-08-18,2021-05-26,100.0,Daglig,Aksjer,Ukjent,Teknologi,False,False,False,False,Teknologi,2ac4a720-fond_19.8.2026_2120.csv
2026-08-18,Nordnet Tyskland C,SE0028778456,EUR,Europe Equity Large Cap,0.15,,4.0,Artikkel 8,80.0,1752.0,-0.91,-1.63,3.06,,,,,,,Nordnet Fonder AB,10.48,2026-08-18,2026-06-03,100.0,Daglig,Aksjer,Tyskland,,False,False,False,False,Tyskland,2ac4a720-fond_19.8.2026_2120.csv
2026-08-18,Nordnet USA Indeks,IE00BMTD2X05,NOK,US Equity Large Cap Blend,0.19,4.0,4.0,Artikkel 8,85.0,15627.0,-1.02,-1.7,0.24,5.47,4.2,11.65,16.35,14.61,,J.P. Morgan Mansart Management Ltd,254.28,2026-08-18,2020-09-01,100.0,Daglig,Aksjer,USA,,False,False,False,False,USA,2ac4a720-fond_19.8.2026_2120.csv
2026-08-18,PLUS Fastigheter Sverige Index,SE0016798805,SEK,Real Estate Sector Equity,0.25,,6.0,Artikkel 6,80.0,2372.0,-0.08,-1.7,-0.6,-0.87,-15.17,-13.19,3.39,,,ISEC Services AB,62.24,2026-08-18,2021-09-23,100.0,Daglig,Aksjer,Sverige,Eiendom,False,False,False,False,Eiendom,2ac4a720-fond_19.8.2026_2120.csv
2026-08-18,SEB Emerging Markets Exposure C,SE0021147386,EUR,Global Emerging Markets Equity,0.38,,4.0,Artikkel 8,75.0,1554.0,-1.05,1.17,2.26,6.05,17.73,28.84,,,,SEB Funds AB,170.67,2026-08-18,2024-02-22,100.0,Daglig,Aksjer,Fremvoksende,,False,False,False,False,Fremvoksende,2ac4a720-fond_19.8.2026_2120.csv
2026-08-18,SEB Global All Countries Exposure D USD,LU0047324644,USD,Global Equity Large Cap,0.4,4.0,4.0,Artikkel 8,80.0,38.0,-1.03,-1.29,0.69,6.53,5.93,12.11,16.77,11.77,13.67,SEB Funds AB,2.37,2026-08-18,1993-10-25,100.0,Daglig,Aksjer,Global,,False,False,False,False,Global,2ac4a720-fond_19.8.2026_2120.csv
2026-08-18,SEB Global Exposure A (SEK),SE0027597592,SEK,Global Equity Large Cap,0.24,,4.0,Artikkel 8,80.0,384.0,-1.01,-1.57,0.49,6.67,,,,,,SEB Funds AB,117.05,2026-08-18,2026-02-19,100.0,Daglig,Aksjer,Global,,False,False,False,False,Global,2ac4a720-fond_19.8.2026_2120.csv
2026-08-18,SEB Global Sustainable Companies A (SEK),SE0022574349,SEK,Global Equity Large Cap,0.4,,4.0,Artikkel 9,80.0,75.0,-1.05,-1.64,1.62,9.46,7.93,11.59,,,,SEB Funds AB,124.58,2026-08-18,2024-08-21,100.0,Daglig,Aksjer,Global,,False,False,True,False,Global / tilt,2ac4a720-fond_19.8.2026_2120.csv
2026-08-18,SpareBank 1 Indeks Global N,NO0012619040,NOK,Global Equity Large Cap,0.25,4.0,4.0,Artikkel 8,0.0,398.0,-0.82,-1.28,0.85,6.75,5.92,11.08,16.33,,,ODIN Forvaltning AS,189.61,2026-08-18,2022-09-01,100.0,Daglig,Aksjer,Global,,False,False,False,False,Global,2ac4a720-fond_19.8.2026_2120.csv
2026-08-18,Spiltan Europafond Investmentbolag,SE0028000067,SEK,Europe Equity Large Cap,0.4,,4.0,Artikkel 8,80.0,819.0,-0.55,-2.41,-0.27,7.79,,,,,,Spiltan Fonder AB,104.45,2026-08-18,2026-05-06,100.0,Daglig,Aksjer,Europa,,False,False,True,False,Europa / tilt,2ac4a720-fond_19.8.2026_2120.csv
2026-08-18,Storebrand Europa C NOK,SE0017911100,NOK,Europe Equity Large Cap,0.26,4.0,4.0,Artikkel 8,0.0,839.0,-0.87,-1.65,0.06,8.27,2.68,9.4,14.44,,,Storebrand Asset Management AS,181.4,2026-08-18,2022-11-10,100.0,Daglig,Aksjer,Europa,,False,False,False,False,Europa,2ac4a720-fond_19.8.2026_2120.csv
2026-08-18,Storebrand Europe Index N,NO0013711242,NOK,Europe Equity Large Cap,0.39,,4.0,,80.0,30.0,-0.65,-1.59,0.43,8.21,,,,,,Storebrand Asset Management AS,107.71,2026-08-18,2026-03-12,100.0,Daglig,Aksjer,Europa,,False,False,False,False,Europa,2ac4a720-fond_19.8.2026_2120.csv
2026-08-18,Storebrand Global Indeks N,NO0010817851,NOK,Global Equity Large Cap,0.25,4.0,4.0,Artikkel 8,80.0,2568.0,-0.55,-0.67,1.6,7.07,6.48,12.18,16.59,12.84,,Storebrand Asset Management AS,2344.38,2026-08-18,2020-08-28,100.0,Daglig,Aksjer,Global,,False,False,False,False,Global,2ac4a720-fond_19.8.2026_2120.csv
2026-08-18,Storebrand Global Indeks Valutasikret N,NO0010817877,NOK,Equity Miscellaneous,0.27,,4.0,Artikkel 8,80.0,432.0,-0.7,-0.52,3.05,5.31,13.39,20.85,20.04,11.21,,Storebrand Asset Management AS,2522.54,2026-08-18,2020-05-08,100.0,Daglig,Aksjer,Global,,True,False,False,False,Global / NOK-sikret,2ac4a720-fond_19.8.2026_2120.csv
2026-08-18,Storebrand Indeks - Alle Markeder N,NO0010817893,NOK,Global Equity Large Cap,0.25,4.0,4.0,Artikkel 8,85.0,5781.0,-0.82,-1.17,0.89,6.39,6.41,12.35,16.28,12.58,14.07,Storebrand Asset Management AS,3004.88,2026-08-18,2018-07-10,100.0,Daglig,Aksjer,Global,,False,False,False,False,Global,2ac4a720-fond_19.8.2026_2120.csv
2026-08-18,Storebrand Indeks - Norden N,NO0010947153,NOK,Europe Equity Large Cap,0.25,4.0,4.0,Artikkel 8,80.0,428.0,-0.17,-0.01,1.09,5.47,2.26,12.86,11.48,5.39,,Storebrand Asset Management AS,1498.86,2026-08-18,2021-04-15,100.0,Daglig,Aksjer,Norden,,False,False,False,False,Norden,2ac4a720-fond_19.8.2026_2120.csv
2026-08-18,Storebrand Indeks - Nye Markeder N,NO0010817919,NOK,Global Emerging Markets Equity,0.35,4.0,4.0,Artikkel 8,75.0,3484.0,-1.06,0.75,1.95,4.57,13.76,24.18,18.71,10.52,10.4,Storebrand Asset Management AS,2440.82,2026-08-18,2018-10-10,100.0,Daglig,Aksjer,Fremvoksende,,False,False,False,False,Fremvoksende,2ac4a720-fond_19.8.2026_2120.csv
2026-08-18,Storebrand Indeks Norge N,NO0010817778,NOK,Europe Equity Large Cap,0.25,3.0,4.0,Artikkel 8,80.0,2491.0,0.2,2.42,6.76,3.53,23.75,27.88,18.3,12.5,13.12,Storebrand Asset Management AS,2395.44,2026-08-18,2020-08-28,100.0,Daglig,Aksjer,Norge,,False,False,False,False,Norge,2ac4a720-fond_19.8.2026_2120.csv
2026-08-18,Storebrand Japan C NOK,SE0017911126,NOK,Japan Equity,0.26,3.0,5.0,Artikkel 8,0.0,758.0,-1.76,-0.37,4.44,11.39,14.62,17.75,16.57,,,Storebrand Asset Management AS,188.24,2026-08-18,2022-11-10,100.0,Daglig,Aksjer,Japan,,False,False,False,False,Japan,2ac4a720-fond_19.8.2026_2120.csv
2026-08-18,Storebrand Sverige Småbolag Plus C NOK,SE0017911209,NOK,Europe Equity Mid/Small Cap,0.56,3.0,5.0,Artikkel 8,0.0,45.0,-0.8,-2.04,-0.46,3.54,-8.51,-6.13,8.99,,,Storebrand Asset Management AS,123.48,2026-08-18,2022-11-10,100.0,Daglig,Aksjer,Sverige,,False,True,True,False,Sverige / SmallCap / tilt,2ac4a720-fond_19.8.2026_2120.csv
2026-08-18,Storebrand USA C NOK,SE0017911142,NOK,US Equity Large Cap Blend,0.25,3.0,4.0,Artikkel 8,0.0,164.0,-0.83,-1.51,0.12,5.95,5.64,10.31,16.09,,,Storebrand Asset Management AS,181.91,2026-08-18,2022-11-10,100.0,Daglig,Aksjer,USA,,False,False,False,False,USA,2ac4a720-fond_19.8.2026_2120.csv
